{"cameraMode":{"drawMode":0,"name":"Shaded","section":"Shading Mode"},"sceneLighting":false,"audioPlay":false,"sceneViewState":{"m_AlwaysRefresh":false,"showFog":true,"showSkybox":false,"showFlares":true,"showImageEffects":true,"showParticleSystems":true,"showVisualEffectGraphs":true,"m_FxEnabled":true},"in2DMode":false,"pivot":{"x":189.83853149414063,"y":-222.49411010742188,"z":64.41748809814453},"rotation":{"x":0.33850592374801638,"y":0.48762640357017519,"z":-0.21270442008972169,"w":0.7760642170906067},"size":157.4096221923828,"orthographic":false}