{"cameraMode":{"drawMode":0,"name":"Shaded","section":"Shading Mode"},"sceneLighting":true,"audioPlay":false,"sceneViewState":{"m_AlwaysRefresh":false,"showFog":true,"showSkybox":true,"showFlares":true,"showImageEffects":true,"showParticleSystems":true,"showVisualEffectGraphs":true,"m_FxEnabled":true},"in2DMode":false,"pivot":{"x":9.531255722045899,"y":2.5757179260253908,"z":-49.12114715576172},"rotation":{"x":0.09046414494514466,"y":-0.5064330101013184,"z":0.053526680916547778,"w":0.8558425903320313},"size":16.300525665283204,"orthographic":false}